AT_RSS_31-1,AT_RSS_31-2,AT_RSS_31-3,AT_RSS_31-4,AT_RSS_31-5,AT_RSS_31-6,AT_RSS_31-7,AT_RSS_31-8,AT_RSS_31-9,AT_RSS_31-10,AT_RSS_32-1,AT_RSS_32-2,AT_RSS_32-3,AT_RSS_32-4,AT_RSS_32-5,AT_RSS_32-6,AT_RSS_32-7,AT_RSS_32-8,AT_RSS_32-9,AT_RSS_32-10,AT_RSS_33-1,AT_RSS_33-2,AT_RSS_33-3,AT_RSS_33-4,AT_RSS_33-5,AT_RSS_33-6,AT_RSS_33-7,AT_RSS_33-8,AT_RSS_33-9,AT_RSS_33-10,AT_RSS_34-1,AT_RSS_34-2,AT_RSS_34-3,AT_RSS_34-4,AT_RSS_34-5,AT_RSS_34-6,AT_RSS_34-7,AT_RSS_34-8,AT_RSS_34-9,AT_RSS_34-10,AT_RSS_35-1,AT_RSS_35-2,AT_RSS_35-3,AT_RSS_35-4,AT_RSS_35-5,AT_RSS_35-6,AT_RSS_35-7,AT_RSS_35-8,AT_RSS_35-9,AT_RSS_35-10,AT_RSS_36-1,AT_RSS_36-2,AT_RSS_36-3,AT_RSS_36-4,AT_RSS_36-5,AT_RSS_36-6,AT_RSS_36-7,AT_RSS_36-8,AT_RSS_36-9,AT_RSS_36-10,AT_RSS_37-1,AT_RSS_37-2,AT_RSS_37-3,AT_RSS_37-4,AT_RSS_37-5,AT_RSS_37-6,AT_RSS_37-7,AT_RSS_37-8,AT_RSS_37-9,AT_RSS_37-10,AT_RSS_38-1,AT_RSS_38-2,AT_RSS_38-3,AT_RSS_38-4,AT_RSS_38-5,AT_RSS_38-6,AT_RSS_38-7,AT_RSS_38-8,AT_RSS_38-9,AT_RSS_38-10,AT_RSS_39-1,AT_RSS_39-2,AT_RSS_39-3,AT_RSS_39-4,AT_RSS_39-5,AT_RSS_39-6,AT_RSS_39-7,AT_RSS_39-8,AT_RSS_39-9,AT_RSS_39-10,AT_RSS_40-1,AT_RSS_40-2,AT_RSS_40-3,AT_RSS_40-4,AT_RSS_40-5,AT_RSS_40-6,AT_RSS_40-7,AT_RSS_40-8,AT_RSS_40-9,AT_RSS_40-10,AT_RSS_41-1,AT_RSS_41-2,AT_RSS_41-3,AT_RSS_41-4,AT_RSS_41-5,AT_RSS_41-6,AT_RSS_41-7,AT_RSS_41-8,AT_RSS_41-9,AT_RSS_41-10,AT_RSS_42-1,AT_RSS_42-2,AT_RSS_42-3,AT_RSS_42-4,AT_RSS_42-5,AT_RSS_42-6,AT_RSS_42-7,AT_RSS_42-8,AT_RSS_42-9,AT_RSS_42-10,AT_RSS_43-1,AT_RSS_43-2,AT_RSS_43-3,AT_RSS_43-4,AT_RSS_43-5,AT_RSS_43-6,AT_RSS_43-7,AT_RSS_43-8,AT_RSS_43-9,AT_RSS_43-10,AT_RSS_44-1,AT_RSS_44-2,AT_RSS_44-3,AT_RSS_44-4,AT_RSS_44-5,AT_RSS_44-6,AT_RSS_44-7,AT_RSS_44-8,AT_RSS_44-9,AT_RSS_44-10,AT_RSS_45-1,AT_RSS_45-2,AT_RSS_45-3,AT_RSS_45-4,AT_RSS_45-5,AT_RSS_45-6,AT_RSS_45-7,AT_RSS_45-8,AT_RSS_45-9,AT_RSS_45-10,AT_RSS_46-1,AT_RSS_46-2,AT_RSS_46-3,AT_RSS_46-4,AT_RSS_46-5,AT_RSS_46-6,AT_RSS_46-7,AT_RSS_46-8,AT_RSS_46-9,AT_RSS_46-10,AT_RSS_47-1,AT_RSS_47-2,AT_RSS_47-3,AT_RSS_47-4,AT_RSS_47-5,AT_RSS_47-6,AT_RSS_47-7,AT_RSS_47-8,AT_RSS_47-9,AT_RSS_47-10,AT_RSS_48-1,AT_RSS_48-2,AT_RSS_48-3,AT_RSS_48-4,AT_RSS_48-5,AT_RSS_48-6,AT_RSS_48-7,AT_RSS_48-8,AT_RSS_48-9,AT_RSS_48-10,AT_RSS_49-1,AT_RSS_49-2,AT_RSS_49-3,AT_RSS_49-4,AT_RSS_49-5,AT_RSS_49-6,AT_RSS_49-7,AT_RSS_49-8,AT_RSS_49-9,AT_RSS_49-10,AT_RSS_50-1,AT_RSS_50-2,AT_RSS_50-3,AT_RSS_50-4,AT_RSS_50-5,AT_RSS_50-6,AT_RSS_50-7,AT_RSS_50-8,AT_RSS_50-9,AT_RSS_50-10,AT_RSS_51-1,AT_RSS_51-2,AT_RSS_51-3,AT_RSS_51-4,AT_RSS_51-5,AT_RSS_51-6,AT_RSS_51-7,AT_RSS_51-8,AT_RSS_51-9,AT_RSS_51-10,AT_RSS_52-1,AT_RSS_52-2,AT_RSS_52-3,AT_RSS_52-4,AT_RSS_52-5,AT_RSS_52-6,AT_RSS_52-7,AT_RSS_52-8,AT_RSS_52-9,AT_RSS_52-10,AT_RSS_53-1,AT_RSS_53-2,AT_RSS_53-3,AT_RSS_53-4,AT_RSS_53-5,AT_RSS_53-6,AT_RSS_53-7,AT_RSS_53-8,AT_RSS_53-9,AT_RSS_53-10,AT_RSS_54-1,AT_RSS_54-2,AT_RSS_54-3,AT_RSS_54-4,AT_RSS_54-5,AT_RSS_54-6,AT_RSS_54-7,AT_RSS_54-8,AT_RSS_54-9,AT_RSS_54-10,AT_RSS_55-1,AT_RSS_55-2,AT_RSS_55-3,AT_RSS_55-4,AT_RSS_55-5,AT_RSS_55-6,AT_RSS_55-7,AT_RSS_55-8,AT_RSS_55-9,AT_RSS_55-10
test_52,32,2,7,FAIL,59,test_5,test_47,PASS,5,61,58,test_17,PASS,test_31,test_20,40,FAIL,test_64,84,PASS,35,test_62,PASS,89,test_67,38,test_2,test_44,74,11,70,FAIL,PASS,70,FAIL,PASS,17,7,12,PASS,test_5,31,test_79,37,65,PASS,77,test_47,test_15,test_86,FAIL,test_6,69,FAIL,PASS,FAIL,41,50,26,28,test_47,PASS,PASS,test_38,62,PASS,test_66,PASS,test_8,test_33,36,PASS,41,52,test_40,test_98,FAIL,test_21,test_26,PASS,3,test_39,FAIL,60,test_54,FAIL,test_92,test_5,FAIL,41,FAIL,test_70,11,test_33,74,test_57,PASS,PASS,FAIL,40,FAIL,PASS,FAIL,FAIL,54,test_79,test_96,PASS,83,test_14,75,58,test_44,test_90,PASS,30,75,PASS,test_43,test_34,test_7,46,FAIL,20,test_85,7,57,30,29,test_73,FAIL,test_2,test_41,FAIL,1,test_40,PASS,84,92,27,7,test_7,test_50,PASS,43,test_86,21,test_65,FAIL,test_4,13,75,PASS,60,73,test_84,PASS,PASS,PASS,67,PASS,FAIL,78,test_89,FAIL,7,FAIL,8,FAIL,test_94,test_67,test_82,FAIL,test_19,FAIL,47,97,50,test_1,PASS,48,test_19,90,96,test_84,84,test_67,55,FAIL,PASS,FAIL,FAIL,84,23,test_92,test_15,80,test_54,70,test_23,test_16,test_93,FAIL,58,FAIL,test_34,test_89,test_12,37,27,FAIL,FAIL,PASS,99,FAIL,PASS,test_95,49,test_94,test_90,PASS,FAIL,test_22,test_99,test_75,test_47,test_37,test_69,test_68,PASS,FAIL,test_88,2,test_78,FAIL,PASS,11,65,PASS,48,test_29,95,21,FAIL,26,FAIL,test_63,FAIL,PASS
test_93,75,50,46,FAIL,40,test_41,test_78,PASS,27,36,1,test_38,PASS,test_94,test_24,99,PASS,test_49,31,FAIL,44,test_22,PASS,61,test_76,99,test_92,test_29,28,54,27,PASS,FAIL,88,FAIL,FAIL,46,91,45,PASS,test_3,33,test_85,96,76,FAIL,89,test_56,test_64,test_34,PASS,test_66,25,FAIL,PASS,FAIL,88,38,54,46,test_90,PASS,PASS,test_2,21,PASS,test_92,PASS,test_34,test_23,37,PASS,99,70,test_11,test_73,FAIL,test_81,test_85,PASS,92,test_46,FAIL,42,test_74,PASS,test_29,test_48,PASS,99,PASS,test_83,21,test_6,31,test_69,PASS,PASS,FAIL,7,PASS,FAIL,FAIL,PASS,31,test_97,test_36,FAIL,1,test_80,36,68,test_38,test_43,FAIL,74,70,PASS,test_48,test_78,test_95,12,PASS,80,test_18,96,2,46,20,test_65,FAIL,test_35,test_6,FAIL,10,test_17,FAIL,52,51,74,76,test_28,test_67,FAIL,31,test_22,42,test_4,PASS,test_20,2,29,PASS,9,63,test_24,PASS,PASS,FAIL,70,FAIL,PASS,85,test_50,FAIL,31,PASS,49,PASS,test_15,test_4,test_97,FAIL,test_47,PASS,29,87,37,test_72,FAIL,63,test_11,45,75,test_70,61,test_28,64,FAIL,FAIL,PASS,PASS,45,18,test_5,test_27,96,test_10,29,test_9,test_66,test_53,FAIL,86,PASS,test_44,test_55,test_37,74,53,FAIL,FAIL,FAIL,76,FAIL,PASS,test_28,37,test_3,test_62,FAIL,PASS,test_27,test_91,test_41,test_71,test_1,test_95,test_92,FAIL,PASS,test_66,80,test_58,PASS,PASS,52,93,FAIL,90,test_20,47,99,FAIL,25,PASS,test_77,PASS,FAIL
test_15,57,6,34,PASS,28,test_28,test_3,PASS,27,96,1,test_24,PASS,test_42,test_54,32,PASS,test_17,86,PASS,19,test_58,PASS,22,test_26,32,test_32,test_13,35,12,77,FAIL,PASS,44,FAIL,FAIL,48,35,34,FAIL,test_53,91,test_14,87,42,PASS,44,test_86,test_89,test_8,FAIL,test_84,67,FAIL,FAIL,PASS,17,50,32,67,test_46,FAIL,FAIL,test_7,25,PASS,test_94,FAIL,test_35,test_85,93,PASS,40,9,test_36,test_26,PASS,test_87,test_86,FAIL,85,test_29,FAIL,69,test_98,FAIL,test_9,test_90,PASS,62,PASS,test_30,16,test_79,1,test_3,PASS,FAIL,PASS,10,FAIL,FAIL,FAIL,FAIL,50,test_7,test_98,FAIL,69,test_74,48,32,test_84,test_74,PASS,67,14,PASS,test_87,test_68,test_74,21,FAIL,21,test_67,69,85,54,83,test_75,PASS,test_82,test_25,PASS,49,test_52,FAIL,81,28,33,71,test_51,test_49,PASS,50,test_89,36,test_99,FAIL,test_10,87,57,PASS,49,4,test_89,FAIL,FAIL,PASS,85,PASS,FAIL,91,test_43,FAIL,47,PASS,5,PASS,test_91,test_58,test_6,PASS,test_14,FAIL,11,95,19,test_87,PASS,61,test_77,86,14,test_27,48,test_44,64,FAIL,FAIL,PASS,PASS,20,36,test_81,test_75,95,test_42,6,test_34,test_40,test_39,FAIL,7,PASS,test_68,test_10,test_42,53,53,FAIL,FAIL,PASS,6,PASS,PASS,test_75,26,test_94,test_76,PASS,PASS,test_93,test_90,test_5,test_26,test_67,test_53,test_76,PASS,PASS,test_15,62,test_33,FAIL,PASS,74,46,PASS,48,test_91,69,97,PASS,18,PASS,test_46,PASS,FAIL
test_72,21,20,77,FAIL,14,test_7,test_1,PASS,43,50,91,test_69,FAIL,test_99,test_33,67,FAIL,test_44,32,PASS,64,test_58,FAIL,8,test_16,93,test_91,test_12,88,22,94,PASS,FAIL,3,FAIL,FAIL,13,89,5,PASS,test_23,94,test_66,78,74,PASS,26,test_14,test_28,test_40,FAIL,test_92,18,PASS,PASS,FAIL,39,69,67,75,test_12,FAIL,PASS,test_82,27,FAIL,test_38,PASS,test_96,test_19,8,PASS,37,44,test_59,test_66,PASS,test_80,test_7,PASS,24,test_62,FAIL,38,test_57,PASS,test_67,test_18,PASS,26,FAIL,test_71,9,test_32,46,test_1,PASS,FAIL,FAIL,85,PASS,PASS,FAIL,FAIL,43,test_76,test_66,FAIL,16,test_93,43,50,test_23,test_30,PASS,97,20,FAIL,test_70,test_52,test_39,20,FAIL,47,test_42,40,69,79,69,test_67,PASS,test_78,test_13,FAIL,30,test_93,PASS,44,37,7,86,test_58,test_36,PASS,45,test_22,60,test_96,FAIL,test_24,79,30,FAIL,2,99,test_36,FAIL,FAIL,PASS,32,PASS,PASS,13,test_19,FAIL,3,PASS,82,PASS,test_35,test_25,test_91,FAIL,test_38,PASS,34,64,28,test_38,FAIL,53,test_46,29,40,test_2,94,test_79,46,FAIL,PASS,PASS,PASS,43,84,test_56,test_64,71,test_64,66,test_46,test_17,test_65,FAIL,81,FAIL,test_82,test_47,test_17,55,64,PASS,PASS,FAIL,99,PASS,FAIL,test_65,97,test_6,test_11,FAIL,FAIL,test_67,test_78,test_65,test_40,test_24,test_62,test_38,FAIL,FAIL,test_96,48,test_14,FAIL,FAIL,4,38,PASS,75,test_41,58,29,FAIL,91,FAIL,test_3,FAIL,PASS
test_61,88,72,80,PASS,44,test_73,test_5,PASS,83,43,53,test_98,FAIL,test_7,test_24,32,FAIL,test_92,66,PASS,7,test_86,FAIL,11,test_51,22,test_84,test_95,20,88,51,FAIL,FAIL,35,PASS,PASS,14,7,81,PASS,test_53,71,test_75,29,22,PASS,72,test_90,test_74,test_83,FAIL,test_75,83,PASS,PASS,PASS,71,5,85,44,test_90,PASS,PASS,test_91,84,PASS,test_51,PASS,test_88,test_19,97,FAIL,33,16,test_39,test_73,FAIL,test_70,test_14,FAIL,12,test_93,PASS,55,test_90,FAIL,test_25,test_70,PASS,37,PASS,test_74,64,test_51,77,test_58,FAIL,PASS,PASS,50,PASS,FAIL,PASS,FAIL,81,test_49,test_79,FAIL,88,test_10,55,77,test_45,test_82,FAIL,3,18,FAIL,test_46,test_27,test_13,85,PASS,36,test_39,67,1,61,21,test_52,FAIL,test_20,test_98,PASS,55,test_52,PASS,31,41,58,42,test_5,test_68,FAIL,20,test_92,96,test_64,PASS,test_99,57,99,FAIL,76,69,test_85,PASS,FAIL,PASS,80,FAIL,FAIL,26,test_69,FAIL,93,FAIL,59,FAIL,test_33,test_47,test_23,FAIL,test_53,FAIL,10,7,50,test_6,FAIL,8,test_45,46,38,test_93,24,test_41,19,FAIL,FAIL,FAIL,PASS,10,7,test_20,test_81,18,test_21,64,test_78,test_34,test_17,FAIL,11,FAIL,test_15,test_23,test_48,85,99,FAIL,FAIL,PASS,50,FAIL,FAIL,test_49,14,test_93,test_89,FAIL,FAIL,test_13,test_17,test_17,test_5,test_27,test_41,test_36,PASS,FAIL,test_39,75,test_34,FAIL,PASS,26,67,FAIL,70,test_54,99,24,FAIL,16,PASS,test_74,PASS,FAIL
test_21,48,38,35,FAIL,64,test_72,test_90,PASS,29,23,86,test_70,PASS,test_16,test_75,13,PASS,test_30,17,FAIL,15,test_49,FAIL,0,test_86,9,test_24,test_46,35,98,82,PASS,PASS,69,PASS,FAIL,30,57,68,PASS,test_37,38,test_51,50,54,PASS,25,test_28,test_39,test_42,PASS,test_4,96,FAIL,PASS,PASS,38,66,65,1,test_13,FAIL,PASS,test_34,48,FAIL,test_63,PASS,test_78,test_36,52,FAIL,16,25,test_99,test_73,PASS,test_72,test_79,PASS,81,test_62,PASS,62,test_41,PASS,test_98,test_37,FAIL,59,FAIL,test_96,21,test_75,83,test_38,PASS,PASS,PASS,87,PASS,PASS,PASS,PASS,69,test_94,test_34,FAIL,27,test_76,27,11,test_52,test_17,FAIL,18,59,FAIL,test_43,test_29,test_31,91,FAIL,14,test_41,12,86,29,81,test_62,FAIL,test_82,test_8,FAIL,78,test_36,FAIL,35,20,85,0,test_5,test_78,FAIL,98,test_29,55,test_98,FAIL,test_26,54,63,FAIL,93,89,test_30,PASS,PASS,FAIL,23,FAIL,PASS,39,test_51,FAIL,69,PASS,43,FAIL,test_84,test_38,test_59,PASS,test_61,FAIL,63,44,3,test_86,PASS,87,test_1,86,1,test_38,22,test_63,18,PASS,PASS,FAIL,PASS,67,27,test_41,test_51,62,test_80,35,test_4,test_16,test_30,FAIL,30,FAIL,test_51,test_85,test_28,96,20,FAIL,PASS,FAIL,72,PASS,PASS,test_47,95,test_8,test_18,FAIL,PASS,test_45,test_18,test_22,test_21,test_40,test_57,test_41,FAIL,FAIL,test_70,46,test_61,PASS,FAIL,11,32,FAIL,2,test_20,58,27,PASS,42,FAIL,test_65,FAIL,PASS
test_83,90,17,49,FAIL,88,test_12,test_14,PASS,61,78,95,test_86,FAIL,test_90,test_72,20,PASS,test_93,24,FAIL,13,test_52,PASS,57,test_57,68,test_12,test_2,9,29,15,PASS,FAIL,30,PASS,PASS,0,59,46,PASS,test_74,25,test_38,80,79,FAIL,46,test_87,test_57,test_41,FAIL,test_79,19,FAIL,FAIL,PASS,13,6,9,26,test_62,PASS,PASS,test_91,70,FAIL,test_4,PASS,test_32,test_29,43,PASS,36,84,test_54,test_40,PASS,test_25,test_7,FAIL,32,test_57,FAIL,45,test_3,FAIL,test_76,test_60,FAIL,6,FAIL,test_98,89,test_58,21,test_15,PASS,FAIL,FAIL,40,PASS,FAIL,PASS,FAIL,17,test_85,test_36,PASS,65,test_94,78,19,test_80,test_26,FAIL,69,92,FAIL,test_21,test_28,test_71,8,PASS,34,test_75,48,43,54,71,test_23,FAIL,test_10,test_21,FAIL,72,test_38,FAIL,80,41,71,50,test_94,test_41,PASS,31,test_13,2,test_89,PASS,test_37,3,18,FAIL,69,3,test_24,FAIL,FAIL,PASS,60,FAIL,PASS,57,test_11,FAIL,18,PASS,10,PASS,test_16,test_15,test_91,PASS,test_36,FAIL,49,86,54,test_25,PASS,36,test_40,48,62,test_3,23,test_23,28,PASS,FAIL,FAIL,FAIL,0,4,test_46,test_53,37,test_76,24,test_30,test_60,test_53,FAIL,77,PASS,test_13,test_21,test_41,99,98,FAIL,FAIL,FAIL,31,FAIL,FAIL,test_52,60,test_44,test_19,FAIL,FAIL,test_10,test_45,test_98,test_78,test_63,test_60,test_69,PASS,PASS,test_1,54,test_4,PASS,FAIL,16,12,FAIL,9,test_19,1,64,FAIL,40,FAIL,test_91,PASS,PASS
test_87,58,3,3,PASS,70,test_34,test_27,FAIL,74,58,96,test_11,PASS,test_60,test_36,47,FAIL,test_46,94,PASS,75,test_42,FAIL,0,test_29,99,test_50,test_35,72,16,68,PASS,PASS,18,PASS,PASS,53,49,24,PASS,test_74,33,test_64,4,94,FAIL,85,test_78,test_17,test_6,FAIL,test_6,11,FAIL,FAIL,FAIL,31,50,4,94,test_82,PASS,PASS,test_17,80,FAIL,test_1,FAIL,test_46,test_60,98,FAIL,24,91,test_98,test_17,PASS,test_82,test_9,FAIL,15,test_16,PASS,87,test_6,PASS,test_42,test_48,PASS,4,PASS,test_63,81,test_87,74,test_34,FAIL,FAIL,PASS,16,FAIL,PASS,PASS,PASS,82,test_31,test_6,PASS,34,test_1,5,52,test_50,test_8,FAIL,97,88,FAIL,test_23,test_35,test_63,25,FAIL,91,test_24,59,1,15,31,test_26,FAIL,test_25,test_98,PASS,86,test_50,PASS,98,12,48,23,test_96,test_89,PASS,93,test_82,62,test_10,PASS,test_85,23,47,PASS,80,38,test_30,FAIL,FAIL,FAIL,60,PASS,PASS,27,test_12,FAIL,31,PASS,65,PASS,test_34,test_63,test_98,FAIL,test_40,FAIL,84,46,70,test_82,PASS,48,test_19,46,28,test_16,37,test_75,73,FAIL,PASS,FAIL,PASS,91,16,test_12,test_78,66,test_66,36,test_95,test_66,test_13,FAIL,33,FAIL,test_83,test_13,test_99,86,12,PASS,FAIL,PASS,74,FAIL,PASS,test_88,20,test_33,test_87,FAIL,FAIL,test_9,test_93,test_41,test_4,test_61,test_54,test_13,PASS,PASS,test_23,63,test_88,FAIL,PASS,5,83,PASS,97,test_84,28,44,FAIL,41,PASS,test_8,PASS,FAIL
test_75,41,88,1,FAIL,8,test_33,test_9,PASS,91,31,0,test_16,PASS,test_2,test_38,19,PASS,test_6,53,PASS,86,test_70,FAIL,33,test_78,33,test_35,test_87,23,61,98,PASS,FAIL,60,PASS,PASS,2,27,65,FAIL,test_83,53,test_98,28,74,FAIL,55,test_88,test_86,test_52,FAIL,test_94,46,PASS,FAIL,FAIL,50,71,73,35,test_89,PASS,PASS,test_43,83,PASS,test_8,PASS,test_16,test_82,85,FAIL,75,61,test_55,test_1,PASS,test_89,test_48,PASS,41,test_56,PASS,10,test_5,FAIL,test_9,test_77,FAIL,44,FAIL,test_28,49,test_26,26,test_61,FAIL,FAIL,FAIL,75,PASS,PASS,PASS,PASS,21,test_58,test_39,PASS,4,test_5,60,87,test_8,test_47,FAIL,81,32,FAIL,test_80,test_8,test_56,8,PASS,70,test_60,1,80,11,32,test_68,FAIL,test_66,test_68,PASS,82,test_63,PASS,59,63,78,98,test_8,test_62,PASS,38,test_2,18,test_21,FAIL,test_54,33,44,PASS,50,34,test_86,PASS,PASS,PASS,97,FAIL,FAIL,25,test_74,PASS,8,PASS,46,PASS,test_66,test_21,test_46,PASS,test_81,PASS,20,39,91,test_17,FAIL,40,test_76,83,73,test_94,27,test_48,59,PASS,FAIL,PASS,FAIL,62,35,test_70,test_91,58,test_41,0,test_75,test_66,test_21,FAIL,81,PASS,test_49,test_33,test_47,44,56,PASS,PASS,PASS,7,FAIL,FAIL,test_54,45,test_81,test_55,PASS,FAIL,test_54,test_84,test_93,test_23,test_36,test_70,test_87,PASS,PASS,test_39,64,test_59,FAIL,PASS,96,53,FAIL,88,test_99,67,67,PASS,49,PASS,test_51,FAIL,FAIL
test_75,91,59,5,PASS,87,test_48,test_79,FAIL,88,95,18,test_97,FAIL,test_1,test_84,7,FAIL,test_99,57,FAIL,14,test_15,FAIL,95,test_92,51,test_33,test_81,63,83,11,PASS,FAIL,53,PASS,PASS,15,91,9,PASS,test_17,2,test_38,3,15,PASS,93,test_2,test_90,test_26,PASS,test_51,0,FAIL,FAIL,FAIL,37,41,96,35,test_97,FAIL,FAIL,test_59,48,PASS,test_29,PASS,test_68,test_2,23,FAIL,86,45,test_24,test_89,PASS,test_12,test_72,FAIL,65,test_10,FAIL,61,test_5,PASS,test_79,test_28,FAIL,57,PASS,test_60,13,test_98,66,test_35,FAIL,FAIL,FAIL,45,PASS,PASS,FAIL,PASS,36,test_61,test_42,FAIL,64,test_20,19,42,test_85,test_76,FAIL,12,48,PASS,test_47,test_16,test_42,14,FAIL,31,test_46,59,34,16,15,test_82,FAIL,test_25,test_25,FAIL,8,test_63,FAIL,10,16,16,23,test_64,test_10,FAIL,11,test_29,22,test_46,PASS,test_21,29,99,PASS,18,0,test_92,FAIL,FAIL,PASS,27,FAIL,FAIL,62,test_8,FAIL,11,PASS,72,FAIL,test_99,test_99,test_38,PASS,test_30,PASS,68,75,27,test_61,PASS,16,test_72,81,65,test_40,20,test_32,17,PASS,FAIL,PASS,PASS,23,18,test_17,test_82,68,test_24,14,test_99,test_90,test_19,FAIL,97,FAIL,test_70,test_24,test_18,33,48,PASS,PASS,PASS,96,FAIL,PASS,test_60,68,test_75,test_82,FAIL,FAIL,test_27,test_53,test_68,test_84,test_98,test_57,test_58,FAIL,PASS,test_57,80,test_29,PASS,FAIL,4,6,PASS,34,test_66,64,6,FAIL,83,FAIL,test_81,FAIL,FAIL
test_88,59,13,53,FAIL,0,test_23,test_15,PASS,61,87,1,test_73,FAIL,test_48,test_99,6,PASS,test_37,66,PASS,91,test_54,FAIL,47,test_69,94,test_33,test_90,98,88,24,PASS,PASS,38,PASS,FAIL,86,40,55,PASS,test_85,49,test_50,9,7,FAIL,62,test_26,test_44,test_64,FAIL,test_62,89,FAIL,FAIL,PASS,96,63,37,25,test_60,PASS,FAIL,test_51,19,PASS,test_55,PASS,test_37,test_1,80,FAIL,85,63,test_22,test_61,FAIL,test_15,test_59,PASS,54,test_30,PASS,76,test_54,PASS,test_40,test_69,FAIL,30,PASS,test_79,63,test_46,80,test_64,PASS,PASS,FAIL,31,FAIL,PASS,FAIL,PASS,95,test_24,test_58,PASS,39,test_8,77,97,test_1,test_91,FAIL,22,95,PASS,test_15,test_36,test_61,9,FAIL,10,test_19,4,97,15,75,test_55,PASS,test_54,test_79,FAIL,98,test_62,PASS,62,8,59,16,test_10,test_21,PASS,46,test_85,28,test_91,FAIL,test_74,81,93,FAIL,41,23,test_7,FAIL,PASS,PASS,57,FAIL,PASS,65,test_24,PASS,10,FAIL,84,FAIL,test_40,test_57,test_14,FAIL,test_9,FAIL,47,53,3,test_12,FAIL,87,test_72,17,50,test_2,53,test_57,91,FAIL,PASS,PASS,PASS,98,63,test_19,test_92,12,test_35,36,test_72,test_13,test_53,FAIL,74,PASS,test_56,test_11,test_78,8,53,PASS,FAIL,PASS,86,FAIL,FAIL,test_57,5,test_77,test_26,PASS,PASS,test_34,test_91,test_69,test_15,test_93,test_10,test_50,FAIL,PASS,test_81,66,test_83,PASS,FAIL,56,78,FAIL,79,test_30,82,48,PASS,39,FAIL,test_73,FAIL,PASS
test_24,79,8,3,FAIL,7,test_62,test_90,PASS,96,51,52,test_59,PASS,test_12,test_89,66,FAIL,test_24,45,FAIL,97,test_60,PASS,88,test_47,9,test_61,test_8,48,85,51,FAIL,PASS,90,FAIL,FAIL,56,99,29,PASS,test_78,11,test_98,55,3,PASS,47,test_14,test_25,test_98,PASS,test_57,13,FAIL,PASS,PASS,22,14,12,42,test_43,PASS,PASS,test_54,85,PASS,test_3,PASS,test_54,test_47,73,PASS,84,1,test_69,test_43,PASS,test_59,test_87,PASS,98,test_25,PASS,97,test_47,PASS,test_25,test_77,PASS,22,PASS,test_94,46,test_98,55,test_25,PASS,FAIL,FAIL,78,FAIL,FAIL,FAIL,FAIL,55,test_20,test_12,PASS,75,test_43,1,88,test_8,test_72,PASS,82,34,FAIL,test_25,test_30,test_42,87,PASS,9,test_68,43,86,11,37,test_6,FAIL,test_33,test_68,FAIL,20,test_99,FAIL,20,40,86,4,test_38,test_36,FAIL,17,test_79,29,test_27,PASS,test_38,18,54,PASS,34,56,test_35,FAIL,PASS,PASS,42,FAIL,PASS,24,test_92,PASS,45,PASS,87,PASS,test_28,test_53,test_72,PASS,test_64,FAIL,19,75,21,test_6,PASS,20,test_61,65,74,test_81,17,test_33,34,PASS,PASS,PASS,PASS,12,90,test_26,test_51,46,test_56,12,test_3,test_56,test_19,FAIL,75,FAIL,test_76,test_17,test_99,87,9,FAIL,FAIL,FAIL,88,PASS,PASS,test_47,37,test_50,test_6,PASS,PASS,test_1,test_82,test_11,test_93,test_24,test_40,test_30,FAIL,FAIL,test_34,89,test_6,FAIL,PASS,27,86,FAIL,1,test_53,25,8,PASS,38,FAIL,test_6,FAIL,PASS
test_3,14,89,53,PASS,87,test_88,test_42,PASS,0,61,43,test_70,FAIL,test_69,test_99,16,PASS,test_93,23,PASS,65,test_97,PASS,0,test_94,18,test_51,test_93,98,12,84,PASS,PASS,73,FAIL,PASS,74,63,4,PASS,test_73,64,test_82,16,3,FAIL,60,test_59,test_17,test_59,PASS,test_66,63,PASS,FAIL,PASS,62,28,30,26,test_76,FAIL,PASS,test_24,91,FAIL,test_32,FAIL,test_85,test_69,29,PASS,26,53,test_56,test_42,PASS,test_26,test_93,PASS,41,test_84,PASS,24,test_87,PASS,test_5,test_81,PASS,41,PASS,test_37,28,test_29,91,test_24,PASS,FAIL,FAIL,79,FAIL,PASS,FAIL,PASS,58,test_37,test_3,FAIL,55,test_76,72,49,test_29,test_89,PASS,74,43,PASS,test_36,test_18,test_56,41,PASS,72,test_90,26,29,7,97,test_35,PASS,test_36,test_45,PASS,72,test_7,FAIL,51,0,87,19,test_96,test_12,FAIL,20,test_52,38,test_66,PASS,test_46,30,54,FAIL,45,99,test_55,PASS,FAIL,PASS,40,FAIL,FAIL,2,test_41,PASS,15,FAIL,97,PASS,test_47,test_46,test_62,PASS,test_33,PASS,66,45,75,test_90,FAIL,50,test_12,67,76,test_41,35,test_24,42,FAIL,PASS,PASS,PASS,97,97,test_48,test_47,60,test_30,7,test_14,test_31,test_57,FAIL,48,PASS,test_51,test_68,test_71,7,52,PASS,FAIL,PASS,71,PASS,PASS,test_31,61,test_11,test_4,PASS,PASS,test_32,test_68,test_56,test_8,test_24,test_7,test_62,PASS,PASS,test_41,14,test_97,PASS,PASS,77,13,FAIL,23,test_34,88,35,PASS,22,FAIL,test_89,FAIL,PASS
test_22,61,52,92,FAIL,62,test_37,test_77,FAIL,26,57,89,test_80,FAIL,test_37,test_25,32,FAIL,test_46,31,FAIL,31,test_8,FAIL,15,test_62,57,test_43,test_26,35,58,99,FAIL,FAIL,89,PASS,PASS,11,26,32,PASS,test_1,53,test_30,73,55,PASS,80,test_56,test_13,test_56,PASS,test_79,37,PASS,PASS,PASS,14,32,46,68,test_68,FAIL,FAIL,test_25,62,FAIL,test_10,FAIL,test_14,test_20,58,FAIL,56,64,test_33,test_25,PASS,test_26,test_82,FAIL,33,test_5,PASS,70,test_49,FAIL,test_11,test_40,PASS,9,FAIL,test_93,75,test_4,92,test_12,FAIL,PASS,PASS,53,PASS,FAIL,FAIL,PASS,2,test_4,test_18,FAIL,35,test_1,36,28,test_96,test_46,PASS,0,89,FAIL,test_75,test_2,test_36,71,FAIL,77,test_42,31,7,83,13,test_22,FAIL,test_95,test_60,PASS,27,test_27,PASS,54,1,44,20,test_92,test_91,FAIL,12,test_27,24,test_41,PASS,test_4,59,96,FAIL,25,69,test_92,PASS,FAIL,FAIL,38,PASS,FAIL,71,test_36,PASS,0,FAIL,85,PASS,test_39,test_14,test_35,FAIL,test_52,FAIL,43,46,44,test_27,FAIL,58,test_61,93,9,test_12,98,test_39,94,FAIL,PASS,PASS,PASS,10,10,test_52,test_4,30,test_57,4,test_60,test_34,test_25,FAIL,78,FAIL,test_37,test_47,test_13,6,43,FAIL,FAIL,FAIL,44,PASS,PASS,test_46,85,test_95,test_29,PASS,FAIL,test_89,test_65,test_51,test_41,test_4,test_38,test_25,FAIL,PASS,test_93,99,test_49,FAIL,PASS,68,86,PASS,73,test_22,9,82,PASS,95,PASS,test_39,FAIL,FAIL
test_53,61,1,62,PASS,10,test_99,test_51,FAIL,61,51,31,test_93,PASS,test_32,test_93,47,PASS,test_53,46,PASS,86,test_53,PASS,60,test_69,95,test_12,test_74,81,18,52,PASS,PASS,18,PASS,FAIL,73,62,64,FAIL,test_51,4,test_79,16,24,PASS,25,test_7,test_84,test_59,PASS,test_75,36,PASS,PASS,PASS,96,93,99,19,test_5,FAIL,PASS,test_71,60,FAIL,test_74,PASS,test_95,test_11,86,PASS,30,50,test_36,test_39,PASS,test_47,test_95,FAIL,29,test_65,PASS,51,test_9,FAIL,test_59,test_45,FAIL,31,PASS,test_22,35,test_81,20,test_18,FAIL,FAIL,PASS,85,FAIL,PASS,FAIL,FAIL,27,test_92,test_40,FAIL,44,test_57,19,56,test_5,test_68,PASS,87,10,PASS,test_51,test_49,test_84,23,PASS,76,test_32,20,21,2,35,test_43,FAIL,test_14,test_12,PASS,61,test_92,PASS,25,59,82,57,test_81,test_2,PASS,20,test_50,7,test_13,FAIL,test_60,59,17,PASS,68,40,test_14,PASS,FAIL,FAIL,85,PASS,PASS,43,test_85,FAIL,62,FAIL,2,FAIL,test_70,test_76,test_19,FAIL,test_89,PASS,32,14,66,test_8,PASS,38,test_33,32,13,test_35,44,test_34,90,FAIL,FAIL,FAIL,FAIL,99,53,test_96,test_7,79,test_94,59,test_77,test_39,test_86,PASS,56,PASS,test_17,test_25,test_82,35,46,FAIL,PASS,PASS,85,FAIL,PASS,test_26,61,test_28,test_59,PASS,FAIL,test_93,test_1,test_21,test_19,test_67,test_85,test_27,PASS,PASS,test_73,31,test_40,PASS,FAIL,58,18,FAIL,37,test_67,52,0,FAIL,51,FAIL,test_60,FAIL,FAIL
test_2,46,83,17,FAIL,80,test_44,test_63,FAIL,76,11,69,test_3,PASS,test_9,test_18,75,PASS,test_95,85,FAIL,62,test_60,PASS,63,test_76,0,test_67,test_90,95,48,22,FAIL,FAIL,38,FAIL,PASS,95,16,17,PASS,test_45,93,test_91,83,66,PASS,35,test_3,test_25,test_70,PASS,test_8,10,PASS,FAIL,PASS,24,26,87,10,test_37,FAIL,PASS,test_52,48,PASS,test_83,PASS,test_55,test_2,95,PASS,5,52,test_20,test_35,FAIL,test_32,test_94,PASS,12,test_94,FAIL,3,test_99,PASS,test_98,test_96,PASS,52,FAIL,test_68,98,test_99,46,test_15,PASS,PASS,FAIL,91,FAIL,PASS,FAIL,FAIL,73,test_20,test_21,PASS,22,test_64,25,38,test_86,test_33,PASS,53,98,FAIL,test_15,test_77,test_68,79,PASS,56,test_39,7,43,15,96,test_15,PASS,test_65,test_32,PASS,6,test_86,PASS,67,47,68,30,test_95,test_13,FAIL,7,test_95,57,test_9,FAIL,test_57,18,62,PASS,92,53,test_10,FAIL,FAIL,PASS,48,PASS,FAIL,96,test_72,PASS,20,FAIL,75,FAIL,test_73,test_17,test_30,PASS,test_14,PASS,72,18,85,test_83,FAIL,54,test_45,35,81,test_65,72,test_56,10,PASS,FAIL,FAIL,FAIL,50,44,test_70,test_35,95,test_47,72,test_45,test_67,test_31,FAIL,94,PASS,test_58,test_94,test_13,17,52,FAIL,FAIL,FAIL,58,FAIL,PASS,test_5,81,test_70,test_98,FAIL,FAIL,test_71,test_58,test_99,test_46,test_34,test_61,test_51,FAIL,PASS,test_13,95,test_83,FAIL,FAIL,32,53,FAIL,21,test_6,78,9,PASS,46,FAIL,test_28,PASS,FAIL
test_88,61,91,89,PASS,7,test_86,test_96,FAIL,2,38,31,test_20,FAIL,test_99,test_82,58,FAIL,test_99,22,PASS,85,test_5,FAIL,62,test_16,68,test_65,test_34,23,99,15,FAIL,FAIL,66,PASS,FAIL,15,72,95,FAIL,test_77,93,test_51,87,95,FAIL,0,test_23,test_68,test_33,PASS,test_26,99,PASS,FAIL,FAIL,16,35,51,73,test_72,PASS,PASS,test_70,70,FAIL,test_34,PASS,test_48,test_67,80,PASS,90,35,test_83,test_3,FAIL,test_10,test_39,PASS,12,test_49,FAIL,58,test_20,FAIL,test_88,test_62,PASS,29,FAIL,test_20,51,test_13,79,test_80,FAIL,FAIL,FAIL,19,PASS,PASS,PASS,PASS,34,test_60,test_15,PASS,46,test_84,28,94,test_47,test_1,FAIL,70,71,FAIL,test_68,test_4,test_7,48,PASS,24,test_36,71,57,29,22,test_86,PASS,test_80,test_96,PASS,79,test_14,PASS,33,28,31,99,test_8,test_53,FAIL,45,test_79,15,test_36,PASS,test_45,48,91,PASS,63,45,test_80,FAIL,FAIL,PASS,16,FAIL,FAIL,41,test_55,FAIL,29,FAIL,91,FAIL,test_20,test_39,test_78,PASS,test_75,PASS,60,25,65,test_65,FAIL,40,test_90,81,50,test_55,52,test_28,48,PASS,PASS,PASS,FAIL,16,46,test_55,test_48,21,test_35,0,test_96,test_8,test_81,PASS,92,PASS,test_87,test_73,test_31,2,73,FAIL,PASS,FAIL,3,FAIL,PASS,test_84,77,test_41,test_17,FAIL,FAIL,test_67,test_26,test_76,test_28,test_57,test_84,test_78,PASS,PASS,test_70,67,test_65,FAIL,FAIL,61,92,PASS,25,test_79,58,35,PASS,62,FAIL,test_97,PASS,FAIL
test_30,50,59,43,PASS,34,test_91,test_52,PASS,69,1,67,test_59,PASS,test_19,test_66,85,PASS,test_60,65,FAIL,50,test_68,FAIL,68,test_90,3,test_33,test_7,22,11,56,FAIL,PASS,44,PASS,PASS,71,32,48,FAIL,test_4,56,test_63,68,66,FAIL,7,test_18,test_10,test_53,FAIL,test_51,76,PASS,PASS,FAIL,96,28,55,37,test_92,PASS,FAIL,test_88,0,PASS,test_97,PASS,test_82,test_87,80,FAIL,39,25,test_99,test_44,FAIL,test_16,test_99,FAIL,17,test_3,FAIL,71,test_61,PASS,test_79,test_93,PASS,38,FAIL,test_96,75,test_39,58,test_27,FAIL,FAIL,PASS,32,FAIL,FAIL,PASS,FAIL,60,test_24,test_97,FAIL,30,test_28,0,55,test_34,test_19,PASS,88,77,PASS,test_21,test_90,test_54,25,PASS,1,test_97,49,35,22,65,test_60,PASS,test_54,test_92,PASS,15,test_71,PASS,51,96,43,10,test_25,test_32,FAIL,6,test_23,71,test_86,PASS,test_20,62,46,FAIL,36,59,test_16,PASS,FAIL,PASS,97,FAIL,FAIL,98,test_9,FAIL,12,PASS,29,PASS,test_1,test_9,test_84,FAIL,test_53,FAIL,8,51,87,test_57,PASS,38,test_92,18,72,test_45,29,test_37,37,PASS,FAIL,PASS,PASS,98,11,test_75,test_73,92,test_19,35,test_34,test_87,test_55,FAIL,25,PASS,test_90,test_21,test_2,27,45,PASS,FAIL,FAIL,66,FAIL,FAIL,test_52,73,test_16,test_43,FAIL,FAIL,test_84,test_20,test_26,test_91,test_49,test_3,test_57,PASS,FAIL,test_6,17,test_69,PASS,FAIL,49,19,PASS,42,test_27,21,72,FAIL,96,PASS,test_54,PASS,PASS
test_38,54,70,33,FAIL,34,test_35,test_96,FAIL,71,2,54,test_36,PASS,test_48,test_54,21,FAIL,test_97,26,FAIL,24,test_6,PASS,21,test_90,15,test_40,test_68,61,60,38,PASS,PASS,12,FAIL,PASS,75,83,10,PASS,test_62,16,test_98,33,26,FAIL,98,test_38,test_67,test_22,PASS,test_45,2,PASS,PASS,FAIL,65,37,14,5,test_31,PASS,PASS,test_33,95,FAIL,test_87,PASS,test_7,test_12,13,FAIL,97,28,test_81,test_51,FAIL,test_71,test_18,PASS,31,test_45,PASS,19,test_35,PASS,test_38,test_58,PASS,30,FAIL,test_68,6,test_15,83,test_72,FAIL,PASS,PASS,73,FAIL,PASS,PASS,PASS,92,test_50,test_99,FAIL,10,test_37,34,42,test_65,test_31,PASS,84,73,PASS,test_13,test_89,test_1,90,FAIL,63,test_36,66,68,91,84,test_12,PASS,test_52,test_13,FAIL,96,test_86,FAIL,81,9,64,51,test_73,test_95,FAIL,22,test_88,0,test_90,FAIL,test_17,82,74,FAIL,83,59,test_54,PASS,PASS,PASS,69,FAIL,FAIL,5,test_47,PASS,33,PASS,89,PASS,test_72,test_99,test_25,PASS,test_99,PASS,67,92,33,test_93,FAIL,12,test_69,27,38,test_79,59,test_7,63,PASS,PASS,FAIL,PASS,81,20,test_33,test_72,85,test_8,34,test_45,test_78,test_23,FAIL,17,PASS,test_29,test_84,test_16,69,12,PASS,PASS,FAIL,28,PASS,FAIL,test_75,45,test_68,test_80,FAIL,PASS,test_20,test_87,test_19,test_68,test_87,test_51,test_47,PASS,PASS,test_84,82,test_27,FAIL,FAIL,18,28,FAIL,54,test_10,50,45,PASS,68,PASS,test_37,FAIL,PASS
test_2,63,43,73,FAIL,32,test_65,test_4,PASS,26,55,74,test_19,FAIL,test_80,test_35,29,PASS,test_63,1,PASS,57,test_96,FAIL,92,test_48,23,test_74,test_58,95,18,52,PASS,FAIL,91,PASS,FAIL,23,76,84,PASS,test_65,46,test_52,5,92,FAIL,51,test_99,test_18,test_21,FAIL,test_44,32,PASS,PASS,FAIL,77,56,28,71,test_9,PASS,FAIL,test_49,12,PASS,test_55,PASS,test_74,test_20,8,FAIL,11,20,test_62,test_94,PASS,test_17,test_59,PASS,95,test_14,FAIL,92,test_50,FAIL,test_72,test_67,PASS,81,PASS,test_91,28,test_29,5,test_60,PASS,PASS,PASS,39,FAIL,FAIL,PASS,PASS,53,test_49,test_26,PASS,9,test_47,69,49,test_55,test_80,PASS,14,65,FAIL,test_86,test_94,test_44,36,FAIL,34,test_3,43,76,4,1,test_49,FAIL,test_3,test_31,FAIL,3,test_5,FAIL,98,57,86,14,test_66,test_16,FAIL,95,test_44,4,test_58,FAIL,test_71,21,56,PASS,48,56,test_95,PASS,PASS,FAIL,69,PASS,PASS,38,test_15,FAIL,3,PASS,20,FAIL,test_87,test_77,test_40,PASS,test_59,FAIL,34,21,90,test_99,PASS,63,test_8,39,27,test_90,97,test_68,68,FAIL,PASS,FAIL,FAIL,85,10,test_62,test_45,42,test_26,65,test_61,test_55,test_32,PASS,95,PASS,test_33,test_83,test_9,43,36,PASS,PASS,PASS,28,PASS,FAIL,test_54,12,test_99,test_66,PASS,FAIL,test_94,test_10,test_60,test_15,test_53,test_86,test_39,FAIL,PASS,test_52,42,test_80,FAIL,PASS,85,23,FAIL,38,test_73,47,31,PASS,42,FAIL,test_9,FAIL,PASS
